service_date,meal,dish
2026-09-28,Breakfast,Poha
2026-09-28,Breakfast,Banana
2026-09-28,Lunch,Rajma
2026-09-28,Lunch,Jeera Rice
2026-09-28,Lunch,Salad
2026-09-28,Snacks,Samosa
2026-09-28,Dinner,Paneer Butter Masala
2026-09-28,Dinner,Roti
2026-09-29,Breakfast,Idli
2026-09-29,Breakfast,Sambar
2026-09-29,Lunch,Chole
2026-09-29,Lunch,Rice
2026-09-29,Snacks,Veg Sandwich
2026-09-29,Dinner,Dal Tadka
2026-09-29,Dinner,Roti
2026-09-30,Breakfast,Aloo Paratha
2026-09-30,Breakfast,Curd
2026-09-30,Lunch,Rajma
2026-09-30,Lunch,Jeera Rice
2026-09-30,Snacks,Samosa
2026-09-30,Dinner,Mix Veg
2026-09-30,Dinner,Roti
2026-10-01,Breakfast,Poha
2026-10-01,Lunch,Kadhi
2026-10-01,Lunch,Rice
2026-10-01,Snacks,Dhokla
2026-10-01,Dinner,Paneer Butter Masala
2026-10-01,Dinner,Roti
2026-10-02,Breakfast,Idli
2026-10-02,Breakfast,Sambar
2026-10-02,Lunch,Rajma
2026-10-02,Lunch,Jeera Rice
2026-10-02,Snacks,Samosa
2026-10-02,Dinner,Dal Tadka
2026-10-02,Dinner,Roti
2026-10-03,Breakfast,Upma
2026-10-03,Lunch,Chole
2026-10-03,Lunch,Rice
2026-10-03,Snacks,Veg Sandwich
2026-10-03,Dinner,Mix Veg
2026-10-03,Dinner,Roti
2026-10-04,Breakfast,Aloo Paratha
2026-10-04,Breakfast,Curd
2026-10-04,Lunch,Rajma
2026-10-04,Lunch,Jeera Rice
2026-10-04,Snacks,Samosa
2026-10-04,Dinner,Paneer Butter Masala
2026-10-04,Dinner,Roti
